{
    "Test_RMSE": 108.64532498283117,
    "Anomaly_F1": 0.373775433308214,
    "Anomaly_Threshold": 0.2385181039571762
}